scene_id,task_dir,component,candidate,parameters,roi_mode,roi_sample_range,roi_trace_range,mae,mse,rmse,psnr,ssim,roi_energy_retention,outside_roi_residual_energy,cnr_proxy,cnr_gain_vs_baseline,selected,status,warnings
2026-05-28_145232_229_scene_gssi1500_single_cylinder_air_sand_cdca_d36a8b,D:\GPR_Simulation_Results\01_单次仿真\2026-05-28_145232_229_scene_gssi1500_single_cylinder_air_sand_cdca_d36a8b,Ey,median_background,"{""mode"": ""global_median""}",auto_proxy,"[727, 1559]","[27, 54]",0.007301274221390486,0.0003124669019598514,0.017676733350929164,35.23195864857806,0.8945237383110312,0.9862050266437672,0.0002398535725660622,1.1966713830520275,1.4050820969288818,True,ok,"[""roi_mode=auto_proxy""]"
2026-05-28_145232_229_scene_gssi1500_single_cylinder_air_sand_cdca_d36a8b,D:\GPR_Simulation_Results\01_单次仿真\2026-05-28_145232_229_scene_gssi1500_single_cylinder_air_sand_cdca_d36a8b,Ey,mean_background,"{""mode"": ""global_mean""}",auto_proxy,"[727, 1559]","[27, 54]",0.012086153961718082,0.0007056731847114861,0.02656450987147111,31.964070802870967,0.9752542412263123,0.932514764475933,0.0005418264190666378,1.2092223942698217,1.417633108146676,False,ok,"[""roi_mode=auto_proxy""]"
2026-05-28_145232_229_scene_gssi1500_single_cylinder_air_sand_cdca_d36a8b,D:\GPR_Simulation_Results\01_单次仿真\2026-05-28_145232_229_scene_gssi1500_single_cylinder_air_sand_cdca_d36a8b,Ey,svd_rank_1,"{""remove_rank"": 1}",auto_proxy,"[727, 1559]","[27, 54]",0.012411793693900108,0.0007095905602909625,0.026638141081745222,31.942724030527557,0.9751163274279555,0.9323627472575279,0.000545124989002943,1.2049107851899934,1.4133214990668477,False,ok,"[""roi_mode=auto_proxy""]"
2026-05-28_145232_229_scene_gssi1500_single_cylinder_air_sand_cdca_d36a8b,D:\GPR_Simulation_Results\01_单次仿真\2026-05-28_145232_229_scene_gssi1500_single_cylinder_air_sand_cdca_d36a8b,Ey,svd_rank_2,"{""remove_rank"": 2}",auto_proxy,"[727, 1559]","[27, 54]",0.026245536282658577,0.00745765957981348,0.08635774186379284,21.45239912725061,0.6564324286887823,0.4502118077115742,0.004195890389382839,1.1864158941174787,1.394826607994333,False,ok,"[""roi_mode=auto_proxy""]"
2026-05-28_145232_229_scene_gssi1500_single_cylinder_air_sand_cdca_d36a8b,D:\GPR_Simulation_Results\01_单次仿真\2026-05-28_145232_229_scene_gssi1500_single_cylinder_air_sand_cdca_d36a8b,Ey,svd_rank_3,"{""remove_rank"": 3}",auto_proxy,"[727, 1559]","[27, 54]",0.035279322415590286,0.01160229928791523,0.10771396978997307,19.532984037898306,0.33930461219462543,0.12765679058852367,0.00612470880150795,0.9900409479408797,1.1984516618177339,False,ok,"[""roi_mode=auto_proxy""]"
2026-05-28_145232_229_scene_gssi1500_single_cylinder_air_sand_cdca_d36a8b,D:\GPR_Simulation_Results\01_单次仿真\2026-05-28_145232_229_scene_gssi1500_single_cylinder_air_sand_cdca_d36a8b,Ey,svd_rank_5,"{""remove_rank"": 5}",auto_proxy,"[727, 1559]","[27, 54]",0.03814408928155899,0.013223444111645222,0.11499323506904753,18.964978839033915,0.17037941939958468,0.049471262657176523,0.007206393871456385,1.1480731547610632,1.3564838686379175,False,ok,"[""roi_mode=auto_proxy""]"
2026-05-28_145232_229_scene_gssi1500_single_cylinder_air_sand_cdca_d36a8b,D:\GPR_Simulation_Results\01_单次仿真\2026-05-28_145232_229_scene_gssi1500_single_cylinder_air_sand_cdca_d36a8b,Ey,svd_rank_8,"{""remove_rank"": 8}",auto_proxy,"[727, 1559]","[27, 54]",0.040809836238622665,0.013944897800683975,0.1180885168027949,18.734271321813843,0.08362798837361445,0.006882340501973032,0.007530738599598408,0.7476879365114343,0.9560986503882886,False,ok,"[""roi_mode=auto_proxy""]"
2026-05-28_145232_229_scene_gssi1500_single_cylinder_air_sand_cdca_d36a8b,D:\GPR_Simulation_Results\01_单次仿真\2026-05-28_145232_229_scene_gssi1500_single_cylinder_air_sand_cdca_d36a8b,Ey,svd_rank_10,"{""remove_rank"": 10}",auto_proxy,"[727, 1559]","[27, 54]",0.04122268408536911,0.014042412862181664,0.11850068718020863,18.704007303237283,0.07126867644896577,0.002552748088994788,0.007614166475832462,0.60921701576559,0.8176277296424442,False,ok,"[""roi_mode=auto_proxy""]"
2026-05-28_145232_229_scene_gssi1500_single_cylinder_air_sand_cdca_d36a8b,D:\GPR_Simulation_Results\01_单次仿真\2026-05-28_145232_229_scene_gssi1500_single_cylinder_air_sand_cdca_d36a8b,Ey,baseline,{},auto_proxy,"[727, 1559]","[27, 54]",0.26302430033683777,0.6792008876800537,0.8241364496732648,15.641040296389795,0.06899876283263269,0.9943189947773051,0.7851277589797974,-0.20841071387685428,0.0,False,ok,"[""roi_mode=auto_proxy""]"
2026-05-28_153536_742_scene_gssi1500_single_cylinder_air_sand_cdca_a0440b,D:\GPR_Simulation_Results\01_单次仿真\2026-05-28_153536_742_scene_gssi1500_single_cylinder_air_sand_cdca_a0440b,Ey,median_background,"{""mode"": ""global_median""}",auto_proxy,"[727, 1559]","[27, 54]",0.00017971466877497733,1.1622401530075877e-07,0.00034091643448323045,73.85234890793356,0.9999953568777344,0.9998178222504057,1.0344808032414221e-07,0.02396177001186793,0.34116275483301906,True,ok,"[""roi_mode=auto_proxy""]"
2026-05-28_153536_742_scene_gssi1500_single_cylinder_air_sand_cdca_a0440b,D:\GPR_Simulation_Results\01_单次仿真\2026-05-28_153536_742_scene_gssi1500_single_cylinder_air_sand_cdca_a0440b,Ey,mean_background,"{""mode"": ""global_mean""}",auto_proxy,"[727, 1559]","[27, 54]",0.013068683445453644,0.0013244588626548648,0.03639311559422832,33.28492292366737,0.9549467969646229,1.0059881306807392,0.0015093883266672492,-0.020261660370880948,0.29693932445027016,False,ok,"[""roi_mode=auto_proxy""]"
2026-05-28_153536_742_scene_gssi1500_single_cylinder_air_sand_cdca_a0440b,D:\GPR_Simulation_Results\01_单次仿真\2026-05-28_153536_742_scene_gssi1500_single_cylinder_air_sand_cdca_a0440b,Ey,svd_rank_1,"{""remove_rank"": 1}",auto_proxy,"[727, 1559]","[27, 54]",0.01341705210506916,0.001333513529971242,0.036517304527733725,33.255333396900625,0.9546335639570644,1.005625208241528,0.0015199546469375491,-0.023640602806617804,0.2935603820145333,False,ok,"[""roi_mode=auto_proxy""]"
2026-05-28_153536_742_scene_gssi1500_single_cylinder_air_sand_cdca_a0440b,D:\GPR_Simulation_Results\01_单次仿真\2026-05-28_153536_742_scene_gssi1500_single_cylinder_air_sand_cdca_a0440b,Ey,svd_rank_2,"{""remove_rank"": 2}",auto_proxy,"[727, 1559]","[27, 54]",0.0215818639844656,0.009956911206245422,0.09978432344935462,24.52406131942997,0.5204450968038009,0.8398300211734612,0.011465810239315033,0.16712559819783293,0.484326583018984,False,ok,"[""roi_mode=auto_proxy""]"
2026-05-28_153536_742_scene_gssi1500_single_cylinder_air_sand_cdca_a0440b,D:\GPR_Simulation_Results\01_单次仿真\2026-05-28_153536_742_scene_gssi1500_single_cylinder_air_sand_cdca_a0440b,Ey,svd_rank_3,"{""remove_rank"": 3}",auto_proxy,"[727, 1559]","[27, 54]",0.02496492676436901,0.01299423910677433,0.1139922765224659,23.367799121883834,0.26700623976315113,0.6163805920687295,0.014881645329296589,0.46638520523676946,0.7835861900579206,False,ok,"[""roi_mode=auto_proxy""]"
2026-05-28_153536_742_scene_gssi1500_single_cylinder_air_sand_cdca_a0440b,D:\GPR_Simulation_Results\01_单次仿真\2026-05-28_153536_742_scene_gssi1500_single_cylinder_air_sand_cdca_a0440b,Ey,svd_rank_10,"{""remove_rank"": 10}",auto_proxy,"[727, 1559]","[27, 54]",0.027131156995892525,0.01408961322158575,0.11869967658585154,23.016316948184283,0.15289481316067663,0.001507061990815877,0.015699468553066254,1.0675752396537246,1.3847762244748756,False,ok,"[""roi_mode=auto_proxy""]"
2026-05-28_153536_742_scene_gssi1500_single_cylinder_air_sand_cdca_a0440b,D:\GPR_Simulation_Results\01_单次仿真\2026-05-28_153536_742_scene_gssi1500_single_cylinder_air_sand_cdca_a0440b,Ey,svd_rank_8,"{""remove_rank"": 8}",auto_proxy,"[727, 1559]","[27, 54]",0.027180064469575882,0.014083459042012691,0.118673750433753,23.018214310493036,0.15357785677445504,0.0073885983397104504,0.01569664105772972,1.1081772110806327,1.425378195901784,False,ok,"[""roi_mode=auto_proxy""]"
2026-05-28_153536_742_scene_gssi1500_single_cylinder_air_sand_cdca_a0440b,D:\GPR_Simulation_Results\01_单次仿真\2026-05-28_153536_742_scene_gssi1500_single_cylinder_air_sand_cdca_a0440b,Ey,svd_rank_5,"{""remove_rank"": 5}",auto_proxy,"[727, 1559]","[27, 54]",0.02728024311363697,0.013948097825050354,0.11810206528698114,23.06015781495654,0.16847732385776032,0.09137304611228741,0.015600563026964664,0.6428319768627099,0.960032961683861,False,ok,"[""roi_mode=auto_proxy""]"
2026-05-28_153536_742_scene_gssi1500_single_cylinder_air_sand_cdca_a0440b,D:\GPR_Simulation_Results\01_单次仿真\2026-05-28_153536_742_scene_gssi1500_single_cylinder_air_sand_cdca_a0440b,Ey,baseline,{},auto_proxy,"[727, 1559]","[27, 54]",0.26302430033683777,0.6792008876800537,0.8241364496732648,15.641040296389795,0.06526545692498796,1.0736390408529572,0.7851277589797974,-0.3172009848211511,0.0,False,ok,"[""roi_mode=auto_proxy""]"
2026-05-28_163735_009_scene_gssi1500_single_cylinder_air_sand_cdca_823a3e,D:\GPR_Simulation_Results\01_单次仿真\2026-05-28_163735_009_scene_gssi1500_single_cylinder_air_sand_cdca_823a3e,Ey,median_background,"{""mode"": ""global_median""}",auto_proxy,"[727, 1559]","[27, 54]",0.0007717277621850371,5.115588464832399e-06,0.0022617666689630916,24.490962884041714,0.902703282767656,0.9453696971603645,5.593923106061993e-06,-0.07676377659360145,0.2455479409685628,True,ok,"[""roi_mode=auto_proxy""]"
2026-05-28_163735_009_scene_gssi1500_single_cylinder_air_sand_cdca_823a3e,D:\GPR_Simulation_Results\01_单次仿真\2026-05-28_163735_009_scene_gssi1500_single_cylinder_air_sand_cdca_823a3e,Ey,mean_background,"{""mode"": ""global_mean""}",auto_proxy,"[727, 1559]","[27, 54]",0.001202677609398961,8.686507499078289e-06,0.002947288160170004,22.191466888906376,0.8266325239207932,0.8729468438892447,9.773634701559786e-06,-0.1042403064728812,0.21807141108928307,False,ok,"[""roi_mode=auto_proxy""]"
2026-05-28_163735_009_scene_gssi1500_single_cylinder_air_sand_cdca_823a3e,D:\GPR_Simulation_Results\01_单次仿真\2026-05-28_163735_009_scene_gssi1500_single_cylinder_air_sand_cdca_823a3e,Ey,svd_rank_1,"{""remove_rank"": 1}",auto_proxy,"[727, 1559]","[27, 54]",0.001274331589229405,8.791864274826366e-06,0.0029651078015523087,22.139109127989606,0.8241361425194856,0.8695432379883802,9.896352821670007e-06,-0.11919361991319997,0.20311809764896427,False,ok,"[""roi_mode=auto_proxy""]"
2026-05-28_163735_009_scene_gssi1500_single_cylinder_air_sand_cdca_823a3e,D:\GPR_Simulation_Results\01_单次仿真\2026-05-28_163735_009_scene_gssi1500_single_cylinder_air_sand_cdca_823a3e,Ey,svd_rank_2,"{""remove_rank"": 2}",auto_proxy,"[727, 1559]","[27, 54]",0.0017269606469199061,2.4041577489697374e-05,0.0049032211340808785,17.770289272803048,0.30820916826742883,0.26207322038865505,2.6730358513304964e-05,-0.03467035742710042,0.2876413601350638,False,ok,"[""roi_mode=auto_proxy""]"
2026-05-28_163735_009_scene_gssi1500_single_cylinder_air_sand_cdca_823a3e,D:\GPR_Simulation_Results\01_单次仿真\2026-05-28_163735_009_scene_gssi1500_single_cylinder_air_sand_cdca_823a3e,Ey,svd_rank_3,"{""remove_rank"": 3}",auto_proxy,"[727, 1559]","[27, 54]",0.0018407268216833472,2.7356785722076893e-05,0.005230371470753955,17.209268190707924,0.12981673469709065,0.12185388153065563,3.029240178875625e-05,0.10581106261747933,0.42812278017964356,False,ok,"[""roi_mode=auto_proxy""]"
2026-05-28_163735_009_scene_gssi1500_single_cylinder_air_sand_cdca_823a3e,D:\GPR_Simulation_Results\01_单次仿真\2026-05-28_163735_009_scene_gssi1500_single_cylinder_air_sand_cdca_823a3e,Ey,svd_rank_5,"{""remove_rank"": 5}",auto_proxy,"[727, 1559]","[27, 54]",0.001867600716650486,2.8653332265093923e-05,0.005352880744523824,17.008167518985083,0.04936150211686757,0.00886702630230418,3.1175593903753906e-05,0.1385246909556936,0.4608364085178579,False,ok,"[""roi_mode=auto_proxy""]"
2026-05-28_163735_009_scene_gssi1500_single_cylinder_air_sand_cdca_823a3e,D:\GPR_Simulation_Results\01_单次仿真\2026-05-28_163735_009_scene_gssi1500_single_cylinder_air_sand_cdca_823a3e,Ey,svd_rank_8,"{""remove_rank"": 8}",auto_proxy,"[727, 1559]","[27, 54]",0.0018740561790764332,2.8747826945618726e-05,0.005361700005186669,16.993868659534407,0.043223263369033336,0.0002280247473140651,3.1272891646949574e-05,0.2934421335111655,0.6157538510733298,False,ok,"[""roi_mode=auto_proxy""]"
2026-05-28_163735_009_scene_gssi1500_single_cylinder_air_sand_cdca_823a3e,D:\GPR_Simulation_Results\01_单次仿真\2026-05-28_163735_009_scene_gssi1500_single_cylinder_air_sand_cdca_823a3e,Ey,svd_rank_10,"{""remove_rank"": 10}",auto_proxy,"[727, 1559]","[27, 54]",0.0018741030944511294,2.874932761187665e-05,0.005361839946499396,16.993641959246304,0.04312424519546528,6.430819573903697e-05,3.127479794784449e-05,0.40318153553658753,0.7254932530987518,False,ok,"[""roi_mode=auto_proxy""]"
2026-05-28_163735_009_scene_gssi1500_single_cylinder_air_sand_cdca_823a3e,D:\GPR_Simulation_Results\01_单次仿真\2026-05-28_163735_009_scene_gssi1500_single_cylinder_air_sand_cdca_823a3e,Ey,baseline,{},auto_proxy,"[727, 1559]","[27, 54]",0.26302430033683777,0.6792008876800537,0.8241364496732648,15.641040296389795,0.03167139197419868,65.87054748119967,0.7851277589797974,-0.32231171756216426,0.0,False,ok,"[""roi_mode=auto_proxy""]"
2026-05-28_175134_703_scene_gssi1500_single_cylinder_air_sand_cdca_ae11ba,D:\GPR_Simulation_Results\01_单次仿真\2026-05-28_175134_703_scene_gssi1500_single_cylinder_air_sand_cdca_ae11ba,Ey,median_background,"{""mode"": ""global_median""}",auto_proxy,"[727, 1559]","[27, 54]",0.00023615677491761744,2.39325800066581e-07,0.0004892093622025042,38.49089469139402,0.991708469188008,0.9969809216128928,2.145688853261163e-07,0.19738072908532434,0.5183886663696633,True,ok,"[""roi_mode=auto_proxy""]"
2026-05-28_175134_703_scene_gssi1500_single_cylinder_air_sand_cdca_ae11ba,D:\GPR_Simulation_Results\01_单次仿真\2026-05-28_175134_703_scene_gssi1500_single_cylinder_air_sand_cdca_ae11ba,Ey,mean_background,"{""mode"": ""global_mean""}",auto_proxy,"[727, 1559]","[27, 54]",0.00087750080274418,3.544336550476146e-06,0.001882640844791206,26.785440352139208,0.9191968752173442,0.8732737489778657,3.941456270695198e-06,0.1403614547955527,0.4613693920798916,False,ok,"[""roi_mode=auto_proxy""]"
2026-05-28_175134_703_scene_gssi1500_single_cylinder_air_sand_cdca_ae11ba,D:\GPR_Simulation_Results\01_单次仿真\2026-05-28_175134_703_scene_gssi1500_single_cylinder_air_sand_cdca_ae11ba,Ey,svd_rank_1,"{""remove_rank"": 1}",auto_proxy,"[727, 1559]","[27, 54]",0.00094606849597767,3.6617402656702325e-06,0.0019135674186373033,26.643914528649287,0.9162892612122437,0.8723971843421515,4.077791800227715e-06,0.12677864247438542,0.4477865797587243,False,ok,"[""roi_mode=auto_proxy""]"
2026-05-28_175134_703_scene_gssi1500_single_cylinder_air_sand_cdca_ae11ba,D:\GPR_Simulation_Results\01_单次仿真\2026-05-28_175134_703_scene_gssi1500_single_cylinder_air_sand_cdca_ae11ba,Ey,svd_rank_2,"{""remove_rank"": 2}",auto_proxy,"[727, 1559]","[27, 54]",0.0012207041727378964,1.3469886653183494e-05,0.0036701344189530027,20.987150473504773,0.6031252675130878,0.8185611489594824,1.539824006613344e-05,0.39572787848854923,0.7167358157728881,False,ok,"[""roi_mode=auto_proxy""]"
2026-05-28_175134_703_scene_gssi1500_single_cylinder_air_sand_cdca_ae11ba,D:\GPR_Simulation_Results\01_单次仿真\2026-05-28_175134_703_scene_gssi1500_single_cylinder_air_sand_cdca_ae11ba,Ey,svd_rank_3,"{""remove_rank"": 3}",auto_proxy,"[727, 1559]","[27, 54]",0.0015072067035362124,1.9268341930001043e-05,0.004389571952935849,19.432346440087397,0.31532296730398585,0.6885770016800246,2.1952600945951417e-05,0.9614253680143304,1.2824333052986694,False,ok,"[""roi_mode=auto_proxy""]"
2026-05-28_175134_703_scene_gssi1500_single_cylinder_air_sand_cdca_ae11ba,D:\GPR_Simulation_Results\01_单次仿真\2026-05-28_175134_703_scene_gssi1500_single_cylinder_air_sand_cdca_ae11ba,Ey,svd_rank_5,"{""remove_rank"": 5}",auto_proxy,"[727, 1559]","[27, 54]",0.0017078110249713063,2.1873964215046726e-05,0.004676961002087437,18.881514912840327,0.14341281553384147,0.10063130947234115,2.2868060113978572e-05,0.3323658358085683,0.6533737730929072,False,ok,"[""roi_mode=auto_proxy""]"
2026-05-28_175134_703_scene_gssi1500_single_cylinder_air_sand_cdca_ae11ba,D:\GPR_Simulation_Results\01_单次仿真\2026-05-28_175134_703_scene_gssi1500_single_cylinder_air_sand_cdca_ae11ba,Ey,svd_rank_8,"{""remove_rank"": 8}",auto_proxy,"[727, 1559]","[27, 54]",0.001721592852845788,2.275922270200681e-05,0.004770662710987522,18.709215631005296,0.07673195742589232,0.010892697982815489,2.339220191061031e-05,0.18235260124411945,0.5033605385284583,False,ok,"[""roi_mode=auto_proxy""]"
2026-05-28_175134_703_scene_gssi1500_single_cylinder_air_sand_cdca_ae11ba,D:\GPR_Simulation_Results\01_单次仿真\2026-05-28_175134_703_scene_gssi1500_single_cylinder_air_sand_cdca_ae11ba,Ey,svd_rank_10,"{""remove_rank"": 10}",auto_proxy,"[727, 1559]","[27, 54]",0.0017312613781541586,2.2894157154951245e-05,0.004784783919358454,18.683543289041207,0.06613078141574358,0.002371738576458755,2.348213820368983e-05,0.1184743743784614,0.4394823116628003,False,ok,"[""roi_mode=auto_proxy""]"
2026-05-28_175134_703_scene_gssi1500_single_cylinder_air_sand_cdca_ae11ba,D:\GPR_Simulation_Results\01_单次仿真\2026-05-28_175134_703_scene_gssi1500_single_cylinder_air_sand_cdca_ae11ba,Ey,baseline,{},auto_proxy,"[727, 1559]","[27, 54]",0.26302430033683777,0.6792008876800537,0.8241364496732648,15.641040296389795,0.0316152067344343,48.79278182151293,0.7851277589797974,-0.3210079372843389,0.0,False,ok,"[""roi_mode=auto_proxy""]"
2026-05-28_190137_010_scene_gssi1500_single_cylinder_air_sand_cdca_818b6d,D:\GPR_Simulation_Results\01_单次仿真\2026-05-28_190137_010_scene_gssi1500_single_cylinder_air_sand_cdca_818b6d,Ey,median_background,"{""mode"": ""global_median""}",auto_proxy,"[727, 1559]","[27, 54]",0.00018527754582464695,1.419574431338333e-07,0.0003767724022985671,40.75920820122356,0.9962160065018686,1.160230579995347,1.2026075069115905e-07,-0.13229316261129437,0.1899030120968877,True,ok,"[""roi_mode=auto_proxy""]"
2026-05-28_190137_010_scene_gssi1500_single_cylinder_air_sand_cdca_818b6d,D:\GPR_Simulation_Results\01_单次仿真\2026-05-28_190137_010_scene_gssi1500_single_cylinder_air_sand_cdca_818b6d,Ey,mean_background,"{""mode"": ""global_mean""}",auto_proxy,"[727, 1559]","[27, 54]",0.0007693687221035361,3.319516054034466e-06,0.0018219539110620954,27.070042152263046,0.9150206223722623,1.2670627156619891,3.757086915356922e-06,-0.18261291691575576,0.1395832577924263,False,ok,"[""roi_mode=auto_proxy""]"
2026-05-28_190137_010_scene_gssi1500_single_cylinder_air_sand_cdca_818b6d,D:\GPR_Simulation_Results\01_单次仿真\2026-05-28_190137_010_scene_gssi1500_single_cylinder_air_sand_cdca_818b6d,Ey,svd_rank_1,"{""remove_rank"": 1}",auto_proxy,"[727, 1559]","[27, 54]",0.0008376407204195857,3.4367017178738024e-06,0.0018538343285940636,26.9193714858223,0.9117476468008385,1.2628458564364784,3.893717348546488e-06,-0.19745615888667764,0.12474001582150443,False,ok,"[""roi_mode=auto_proxy""]"
2026-05-28_190137_010_scene_gssi1500_single_cylinder_air_sand_cdca_818b6d,D:\GPR_Simulation_Results\01_单次仿真\2026-05-28_190137_010_scene_gssi1500_single_cylinder_air_sand_cdca_818b6d,Ey,svd_rank_2,"{""remove_rank"": 2}",auto_proxy,"[727, 1559]","[27, 54]",0.001132145174778998,1.3266710993775632e-05,0.0036423496528718425,21.05315720140852,0.5443614385860399,1.010881448943868,1.526975756860338e-05,-0.08902879115318088,0.2331673835550012,False,ok,"[""roi_mode=auto_proxy""]"
2026-05-28_190137_010_scene_gssi1500_single_cylinder_air_sand_cdca_818b6d,D:\GPR_Simulation_Results\01_单次仿真\2026-05-28_190137_010_scene_gssi1500_single_cylinder_air_sand_cdca_818b6d,Ey,svd_rank_3,"{""remove_rank"": 3}",auto_proxy,"[727, 1559]","[27, 54]",0.001320035313256085,1.8860715499613434e-05,0.004342892526832023,19.52520824476265,0.19821929534744778,0.6973655636461572,2.1720306904171593e-05,0.13205631356522024,0.4542524882734023,False,ok,"[""roi_mode=auto_proxy""]"
2026-05-28_190137_010_scene_gssi1500_single_cylinder_air_sand_cdca_818b6d,D:\GPR_Simulation_Results\01_单次仿真\2026-05-28_190137_010_scene_gssi1500_single_cylinder_air_sand_cdca_818b6d,Ey,svd_rank_5,"{""remove_rank"": 5}",auto_proxy,"[727, 1559]","[27, 54]",0.0013807198265567422,2.0298313756939024e-05,0.004505364997082814,19.20619027334656,0.08095835463756804,0.11456408519550729,2.3136535673984326e-05,0.5668654761129602,0.8890616508211423,False,ok,"[""roi_mode=auto_proxy""]"
2026-05-28_190137_010_scene_gssi1500_single_cylinder_air_sand_cdca_818b6d,D:\GPR_Simulation_Results\01_单次仿真\2026-05-28_190137_010_scene_gssi1500_single_cylinder_air_sand_cdca_818b6d,Ey,svd_rank_10,"{""remove_rank"": 10}",auto_proxy,"[727, 1559]","[27, 54]",0.0013947119005024433,2.042997039097827e-05,0.0045199524766282966,19.178112513615073,0.06942842322087286,0.0005881484696221456,2.3218211936182342e-05,0.207149874923082,0.5293460496312641,False,ok,"[""roi_mode=auto_proxy""]"
2026-05-28_190137_010_scene_gssi1500_single_cylinder_air_sand_cdca_818b6d,D:\GPR_Simulation_Results\01_单次仿真\2026-05-28_190137_010_scene_gssi1500_single_cylinder_air_sand_cdca_818b6d,Ey,svd_rank_8,"{""remove_rank"": 8}",auto_proxy,"[727, 1559]","[27, 54]",0.0013951539294794202,2.042550840997137e-05,0.004519458862515663,19.179061132402193,0.0698199219314191,0.004840771333187784,2.3214997781906277e-05,0.45715741801649523,0.7793535927246773,False,ok,"[""roi_mode=auto_proxy""]"
2026-05-28_190137_010_scene_gssi1500_single_cylinder_air_sand_cdca_818b6d,D:\GPR_Simulation_Results\01_单次仿真\2026-05-28_190137_010_scene_gssi1500_single_cylinder_air_sand_cdca_818b6d,Ey,baseline,{},auto_proxy,"[727, 1559]","[27, 54]",0.26302430033683777,0.6792008876800537,0.8241364496732648,15.641040296389795,0.03160235062693933,340.258995540285,0.7851277589797974,-0.32219617470818207,0.0,False,ok,"[""roi_mode=auto_proxy""]"
2026-05-28_195850_659_scene_gssi1500_single_cylinder_air_sand_cdca_b3c39c,D:\GPR_Simulation_Results\01_单次仿真\2026-05-28_195850_659_scene_gssi1500_single_cylinder_air_sand_cdca_b3c39c,Ey,median_background,"{""mode"": ""global_median""}",auto_proxy,"[727, 1559]","[27, 54]",1.2742371836793609e-05,1.533832949540681e-09,3.9164179418707105e-05,56.13102592245602,0.9997124156745312,0.9987983527361844,1.2443065466882786e-09,0.9471138649234915,1.269271764414275,True,ok,"[""roi_mode=auto_proxy""]"
2026-05-28_195850_659_scene_gssi1500_single_cylinder_air_sand_cdca_b3c39c,D:\GPR_Simulation_Results\01_单次仿真\2026-05-28_195850_659_scene_gssi1500_single_cylinder_air_sand_cdca_b3c39c,Ey,mean_background,"{""mode"": ""global_mean""}",auto_proxy,"[727, 1559]","[27, 54]",0.00029293104307726026,5.286614737087802e-07,0.0007270911041326116,30.75664297036333,0.9514522858847958,0.8305487369354854,5.036316679252195e-07,0.792764067833004,1.1149219673237876,False,ok,"[""roi_mode=auto_proxy""]"
2026-05-28_195850_659_scene_gssi1500_single_cylinder_air_sand_cdca_b3c39c,D:\GPR_Simulation_Results\01_单次仿真\2026-05-28_195850_659_scene_gssi1500_single_cylinder_air_sand_cdca_b3c39c,Ey,svd_rank_1,"{""remove_rank"": 1}",auto_proxy,"[727, 1559]","[27, 54]",0.00029944360721856356,5.306147841110942e-07,0.0007284331020149306,30.740626130857514,0.9512644667945144,0.8301454766803193,5.058950591774192e-07,0.7880754609117802,1.1102333604025638,False,ok,"[""roi_mode=auto_proxy""]"
2026-05-28_195850_659_scene_gssi1500_single_cylinder_air_sand_cdca_b3c39c,D:\GPR_Simulation_Results\01_单次仿真\2026-05-28_195850_659_scene_gssi1500_single_cylinder_air_sand_cdca_b3c39c,Ey,svd_rank_2,"{""remove_rank"": 2}",auto_proxy,"[727, 1559]","[27, 54]",0.00046221553930081427,3.81934478355106e-06,0.0019543144024314666,22.16853094122822,0.4972879164355925,0.2705979377910055,2.0996515104343416e-06,0.8009194750063554,1.123077374497139,False,ok,"[""roi_mode=auto_proxy""]"
2026-05-28_195850_659_scene_gssi1500_single_cylinder_air_sand_cdca_b3c39c,D:\GPR_Simulation_Results\01_单次仿真\2026-05-28_195850_659_scene_gssi1500_single_cylinder_air_sand_cdca_b3c39c,Ey,svd_rank_3,"{""remove_rank"": 3}",auto_proxy,"[727, 1559]","[27, 54]",0.0005348260747268796,4.951230948790908e-06,0.0022251361641011788,21.04128774964024,0.2342087660090273,0.07394330135977246,2.656025344549562e-06,0.792961328274263,1.1151192277650466,False,ok,"[""roi_mode=auto_proxy""]"
2026-05-28_195850_659_scene_gssi1500_single_cylinder_air_sand_cdca_b3c39c,D:\GPR_Simulation_Results\01_单次仿真\2026-05-28_195850_659_scene_gssi1500_single_cylinder_air_sand_cdca_b3c39c,Ey,svd_rank_5,"{""remove_rank"": 5}",auto_proxy,"[727, 1559]","[27, 54]",0.0005745477392338216,5.370447979657911e-06,0.002317422701981214,20.688314451261135,0.11179018606918897,0.00335914662361271,2.86390604742337e-06,0.34034837634892384,0.6625062758397073,False,ok,"[""roi_mode=auto_proxy""]"
2026-05-28_195850_659_scene_gssi1500_single_cylinder_air_sand_cdca_b3c39c,D:\GPR_Simulation_Results\01_单次仿真\2026-05-28_195850_659_scene_gssi1500_single_cylinder_air_sand_cdca_b3c39c,Ey,svd_rank_10,"{""remove_rank"": 10}",auto_proxy,"[727, 1559]","[27, 54]",0.0005816404591314495,5.424744358606404e-06,0.0023291080607405067,20.64462682463276,0.09468399494337014,2.8083140684755626e-05,2.935142902060761e-06,0.13149205943806547,0.453649958928849,False,ok,"[""roi_mode=auto_proxy""]"
2026-05-28_195850_659_scene_gssi1500_single_cylinder_air_sand_cdca_b3c39c,D:\GPR_Simulation_Results\01_单次仿真\2026-05-28_195850_659_scene_gssi1500_single_cylinder_air_sand_cdca_b3c39c,Ey,svd_rank_8,"{""remove_rank"": 8}",auto_proxy,"[727, 1559]","[27, 54]",0.0005820131045766175,5.422610684036044e-06,0.002328649970269479,20.646335339013255,0.09536368034523715,0.0001570102517608255,2.9325613013497787e-06,0.25164475591602364,0.5738026554068072,False,ok,"[""roi_mode=auto_proxy""]"
2026-05-28_195850_659_scene_gssi1500_single_cylinder_air_sand_cdca_b3c39c,D:\GPR_Simulation_Results\01_单次仿真\2026-05-28_195850_659_scene_gssi1500_single_cylinder_air_sand_cdca_b3c39c,Ey,baseline,{},auto_proxy,"[727, 1559]","[27, 54]",0.26302430033683777,0.6792008876800537,0.8241364496732648,15.641040296389795,0.03193903755008793,43.704700493424156,0.7851277589797974,-0.32215789949078355,0.0,False,ok,"[""roi_mode=auto_proxy""]"
2026-05-28_211907_973_scene_gssi1500_single_cylinder_air_sand_cdca_d41351,D:\GPR_Simulation_Results\01_单次仿真\2026-05-28_211907_973_scene_gssi1500_single_cylinder_air_sand_cdca_d41351,Ey,median_background,"{""mode"": ""global_median""}",auto_proxy,"[727, 1559]","[27, 54]",0.00015287945279851556,1.618947038650731e-07,0.00040236140951273287,62.4813342844729,0.9999536706749119,0.9980016370621959,1.2646528091408982e-07,0.24189414562263434,0.5559879269500778,True,ok,"[""roi_mode=auto_proxy""]"
2026-05-28_211907_973_scene_gssi1500_single_cylinder_air_sand_cdca_d41351,D:\GPR_Simulation_Results\01_单次仿真\2026-05-28_211907_973_scene_gssi1500_single_cylinder_air_sand_cdca_d41351,Ey,mean_background,"{""mode"": ""global_mean""}",auto_proxy,"[727, 1559]","[27, 54]",0.005798328667879105,0.0001792342372937128,0.013387839157000385,32.03945098051507,0.9499244796724733,0.9270816015079271,0.00019034957222174853,0.20278169127865273,0.5168754726060962,False,ok,"[""roi_mode=auto_proxy""]"
2026-05-28_211907_973_scene_gssi1500_single_cylinder_air_sand_cdca_d41351,D:\GPR_Simulation_Results\01_单次仿真\2026-05-28_211907_973_scene_gssi1500_single_cylinder_air_sand_cdca_d41351,Ey,svd_rank_1,"{""remove_rank"": 1}",auto_proxy,"[727, 1559]","[27, 54]",0.005917736794799566,0.00017902821127790958,0.013380142423678068,32.04444597633514,0.9499772530235079,0.927127119711624,0.00019015408179257065,0.19935444877449718,0.5134482301019407,False,ok,"[""roi_mode=auto_proxy""]"
2026-05-28_211907_973_scene_gssi1500_single_cylinder_air_sand_cdca_d41351,D:\GPR_Simulation_Results\01_单次仿真\2026-05-28_211907_973_scene_gssi1500_single_cylinder_air_sand_cdca_d41351,Ey,svd_rank_2,"{""remove_rank"": 2}",auto_proxy,"[727, 1559]","[27, 54]",0.008914357051253319,0.0012412401847541332,0.03523123876269657,23.635102428758138,0.506912488804088,0.6216059209169005,0.0013618497177958488,0.46821775642006347,0.782311537747507,False,ok,"[""roi_mode=auto_proxy""]"
2026-05-28_211907_973_scene_gssi1500_single_cylinder_air_sand_cdca_d41351,D:\GPR_Simulation_Results\01_单次仿真\2026-05-28_211907_973_scene_gssi1500_single_cylinder_air_sand_cdca_d41351,Ey,svd_rank_3,"{""remove_rank"": 3}",auto_proxy,"[727, 1559]","[27, 54]",0.010115686804056168,0.0016066875541582704,0.040083507258700184,22.514346406268047,0.25335360777059174,0.26489853480316167,0.001697559840977192,0.7304288931887818,1.0445226745162253,False,ok,"[""roi_mode=auto_proxy""]"
2026-05-28_211907_973_scene_gssi1500_single_cylinder_air_sand_cdca_d41351,D:\GPR_Simulation_Results\01_单次仿真\2026-05-28_211907_973_scene_gssi1500_single_cylinder_air_sand_cdca_d41351,Ey,svd_rank_5,"{""remove_rank"": 5}",auto_proxy,"[727, 1559]","[27, 54]",0.01113453321158886,0.001732264063321054,0.04162047649079782,22.187519743372647,0.1451116997368739,0.02999684117890782,0.0017783168004825711,0.7707201345803169,1.0848139159077603,False,ok,"[""roi_mode=auto_proxy""]"
2026-05-28_211907_973_scene_gssi1500_single_cylinder_air_sand_cdca_d41351,D:\GPR_Simulation_Results\01_单次仿真\2026-05-28_211907_973_scene_gssi1500_single_cylinder_air_sand_cdca_d41351,Ey,svd_rank_10,"{""remove_rank"": 10}",auto_proxy,"[727, 1559]","[27, 54]",0.01120105478912592,0.001750134862959385,0.04183461321632345,22.142945540557655,0.128607027039413,0.00027739622350968565,0.0017904575215652585,0.8431319923486219,1.1572257736760654,False,ok,"[""roi_mode=auto_proxy""]"
2026-05-28_211907_973_scene_gssi1500_single_cylinder_air_sand_cdca_d41351,D:\GPR_Simulation_Results\01_单次仿真\2026-05-28_211907_973_scene_gssi1500_single_cylinder_air_sand_cdca_d41351,Ey,svd_rank_8,"{""remove_rank"": 8}",auto_proxy,"[727, 1559]","[27, 54]",0.011249513365328312,0.0017493163468316197,0.04182482931025086,22.144977156504318,0.1293695936641631,0.002051457655396587,0.0017900571692734957,0.9674343802602876,1.2815281615877312,False,ok,"[""roi_mode=auto_proxy""]"
2026-05-28_211907_973_scene_gssi1500_single_cylinder_air_sand_cdca_d41351,D:\GPR_Simulation_Results\01_单次仿真\2026-05-28_211907_973_scene_gssi1500_single_cylinder_air_sand_cdca_d41351,Ey,baseline,{},auto_proxy,"[727, 1559]","[27, 54]",0.26302430033683777,0.6792008876800537,0.8241364496732648,15.641040296389795,0.03560984387018678,1.4318098049169445,0.7851277589797974,-0.31409378132744353,0.0,False,ok,"[""roi_mode=auto_proxy""]"
